{
    "Jul-2019": 5000.0,
    "Aug-2019": 4000.0,
    "Jan-2020": 33000.0,
    "Feb-2020": 20000.0,
    "Mar-2020": 14500.0,
    "Apr-2020": 50000.0,
    "Nov-2020": 11999.4,
    "Dec-2020": 9999.5,
    "Jan-2021": 7999.6,
    "Feb-2021": 7999.6,
    "Mar-2021": 48997.56000000001,
    "Apr-2021": 36998.15,
    "May-2021": 5999.700000000001,
    "Jun-2021": 7999.6,
    "Jul-2021": 5999.700000000001,
    "Aug-2021": 7999.6,
    "Sep-2021": 7999.6,
    "Oct-2021": 5999.700000000001,
    "Nov-2021": 9999.5,
    "Dec-2021": 8199.59,
    "Jan-2022": 139992.99999999997,
    "Feb-2022": 13999.3,
    "Mar-2022": 20498.980000000003,
    "Apr-2022": 16499.18,
    "May-2022": 9999.5,
    "Jun-2022": 11999.4,
    "Jul-2022": 7999.6,
    "Aug-2022": 18499.08,
    "Dec-2022": 59997.0,
    "Jan-2023": 29998.5,
    "Feb-2023": 32998.35,
    "Mar-2023": 7999.6,
    "Apr-2023": 19998.999999999996,
    "May-2023": 19998.999999999996,
    "Jun-2023": 19998.999999999996,
    "Jul-2023": 19998.999999999996,
    "Aug-2023": 13999.3,
    "Sep-2023": 114994.25,
    "Oct-2023": 169991.5,
    "Nov-2023": 169991.5,
    "Dec-2023": 169991.5,
    "Jan-2024": 169991.5,
    "Feb-2024": 169991.5,
    "Mar-2024": 169991.5,
    "Apr-2024": 164991.75,
    "May-2024": 169991.5,
    "Jun-2024": 169991.5,
    "Jul-2024": 200989.95
}